{
  "best_result": {
    "params": {
      "min_score": 26,
      "min_vol_m": 4.735580079025535,
      "sl_pct": 13.327121193472909,
      "tp_pct": 16.255094442359407,
      "cooldown_ticks": 1,
      "momentum_window": 1,
      "direction_penalty": 1.2739819916762822,
      "margin_min": 18.73234828421061
    },
    "total_pnl": 161.1048,
    "win_rate": 0.7059,
    "max_dd": 16.63,
    "sharpe": 0.5296,
    "n_trades": 17,
    "timestamp": "2026-04-16T00:00:57.343815"
  },
  "optuna_study": {
    "n_trials": 200,
    "elapsed_s": 61,
    "best_value": 160.280359,
    "n_completed": 200
  }
}